/2017/08/15/mostly-metal-vs-metal/ /posts/mostly-metal-vs-metal/
/2017/09/05/instead-sir-john-macdonald/ /posts/instead-sir-john-macdonald/
/2017/10/06/healthy-vegan-neither/ /posts/healthy-vegan-neither/
/2017/09/22/sports-with-a-cause/ /posts/sports-with-a-cause/
/2017/10/04/college-or-the-nba/ /posts/college-or-the-nba/
/2017/10/09/lunch-polar-bear/ /posts/lunch-polar-bear/
/2017/10/31/happy-halloween-2017/ /posts/happy-halloween-2017/
/2017/11/03/scream-sarajevo-music-film-hamilton/ /posts/scream-sarajevo-music-film-hamilton/
/2017/11/14/heroes-canadian-history/ /posts/heroes-canadian-history/
/2017/11/27/says-no-harvard-nba/ /posts/says-no-harvard-nba/
/2017/12/04/crocheting-with-purpose/ /posts/crocheting-with-purpose/
/2017/12/15/ben-simmons-education/ /posts/ben-simmons-education/
/2018/01/02/back-columbus-new-year/ /posts/back-columbus-new-year/
/2018/01/23/endings-beginnings-carrying-on/ /posts/endings-beginnings-carrying-on/
/2018/01/29/mighty-ursula-k-le-guin/ /posts/mighty-ursula-k-le-guin/
/2018/02/06/athletics-and-academics/ /posts/athletics-and-academics/
/2018/02/12/star-trek-am-i-becoming-a-trekkie/ /posts/star-trek-am-i-becoming-a-trekkie/
/2018/03/12/interview-with-taylor-sharp-producer-co-director-of-hoops-africa-ubuntu-matters/ /posts/interview-with-taylor-sharp-producer-co-director-of-hoops-africa-ubuntu-matters/
/2018/02/28/relatable-language-gripe/ /posts/relatable-language-gripe/
/2018/03/20/recommended-listening-podcasts-winter-2018/ /posts/recommended-listening-podcasts-winter-2018/
/2018/04/15/interview-student-athlete-mental-health-initiative-samhi/ /posts/interview-student-athlete-mental-health-initiative-samhi/
/2018/04/16/poetry-to-fall-asleep-by/ /posts/poetry-to-fall-asleep-by/
/2018/05/14/the-evolution-of-nba-uniforms-the-short-shorts-club/ /posts/the-evolution-of-nba-uniforms-the-short-shorts-club/
/2018/07/16/gardening-in-the-city-2018/ /posts/gardening-in-the-city-2018/
/2018/07/25/sports-all-year-round/ /posts/sports-all-year-round/
/2018/08/25/i-hope-youre-watching-the-wnba-playoffs/ /posts/i-hope-youre-watching-the-wnba-playoffs/
/2018/10/10/still-kicking-october-falls-no-not-the-band/ /posts/still-kicking-october-falls-no-not-the-band/
/2018/11/04/and-another-halloween-passes/ /posts/and-another-halloween-passes/
/2019/01/04/the-best-metal-of-2018-according-to-me/ /posts/the-best-metal-of-2018-according-to-me/
/2019/05/21/musicians-from-mars-a-paper-on-voivod/ /posts/musicians-from-mars-a-paper-on-voivod/
/2019/07/20/the-joyful-peace-of-mucking-out/ /posts/the-joyful-peace-of-mucking-out/
/2020/03/23/pandemic-era-entertainment/ /posts/pandemic-era-entertainment/
/2020/03/27/pandemic-era-entertainment-part-4/ /posts/pandemic-era-entertainment-part-4/
/2020/03/25/pandemic-era-entertainment-part-2/ /posts/pandemic-era-entertainment-part-2/
/2020/03/26/pandemic-era-entertainment-part-3/ /posts/pandemic-era-entertainment-part-3/
/2020/06/05/its-time-for-the-future-the-right-one/ /posts/its-time-for-the-future-the-right-one/
/2022/06/01/living-with-mortality-part-one/ /posts/living-with-mortality-part-one/
/2022/07/06/living-with-mortality-part-two/ /posts/living-with-mortality-part-two/
/2022/08/28/dr-laura-wiebe-11-jan-1976-16-aug-2022/ /posts/dr-laura-wiebe-11-jan-1976-16-aug-2022/
/audio/*  https://keew.s3.ca-central-1.amazonaws.com/:splat  200